<?xml version="1.0" encoding="UTF-8"?>
<plugin_manifest xmlns="http://www.elgg.org/plugin_manifest/1.8">
	<id>login_as</id>
	<name>Login As</name>
	<author>Brett Profitt</author>
	<version>1.9.2</version>
	<category>admin</category>
	<category>bundled</category>
	<description>Allows admin users to login as another user.</description>
	<website>http://www.elgg.org/</website>
	<copyright>(C) Brett Profitt 2010-2011</copyright>
	<license>GNU General Public License version 2</license>
	<requires>
		<type>elgg_release</type>
		<version>1.9</version>
	</requires>
</plugin_manifest>